,loan_amnt,term,int_rate,installment,emp_length,annual_inc,dti,delinq_2yrs,fico_range_low,fico_range_high,inq_last_6mths,open_acc,pub_rec,revol_bal,revol_util,total_acc,mort_acc,pub_rec_bankruptcies,crd_line_existed(months),loan_status_binary
count,1000.0,1000.0,1000.0,1000.0,1000.0,1000.0,1000.0,1000.0,1000.0,1000.0,1000.0,1000.0,1000.0,1000.0,1000.0,1000.0,1000.0,1000.0,1000.0,1000.0
mean,15582.2,43.584,12.045020000000001,450.76536,6.186,79993.82811,19.365009999999998,0.33,699.395,703.396,0.593,12.514,0.226,18325.634,50.2184,26.428,1.9,0.129,243.444,0.85
std,8694.53142997291,11.163492624065624,4.4044746788688425,249.90415568513282,3.6664488059765468,41753.45649717364,8.346485812923024,0.9110049011558226,33.19428920516051,33.198694813762444,0.9056330223502074,5.604392314356055,0.5396436001799848,20383.444768455418,23.357653165534447,12.213598486440759,2.020416314050667,0.3499735439736574,90.62621019315534,0.3572500911513216
min,1000.0,36.0,5.32,32.97,1.0,13000.0,0.63,0.0,660.0,664.0,0.0,2.0,0.0,0.0,0.0,4.0,0.0,0.0,73.0,0.0
25%,9000.0,36.0,8.49,266.3125,2.0,50000.0,13.3375,0.0,675.0,679.0,0.0,9.0,0.0,7053.0,32.2,18.0,0.0,0.0,182.0,1.0
50%,15000.0,36.0,11.48,397.01,7.0,72000.0,18.795,0.0,690.0,694.0,0.0,12.0,0.0,13031.0,49.3,24.0,1.0,0.0,222.5,1.0
75%,21000.0,60.0,14.85,602.9499999999999,10.0,100000.0,25.174999999999997,0.0,715.0,719.0,1.0,15.0,0.0,23125.5,68.075,33.0,3.0,0.0,289.0,1.0
max,35000.0,60.0,28.49,1252.56,10.0,450000.0,46.71,15.0,845.0,850.0,5.0,46.0,5.0,290575.0,102.4,89.0,12.0,2.0,743.0,1.0
